-- Navaltecnica - Seed Data
-- Generated from MODELLO PREVENTIVO NAVALTECNICA2.xlsx

-- Users (password: admin123)
INSERT INTO users (username, password, name) VALUES ('admin', '$2a$10$JNRkMM5nDC2Ptrm0D2FH..dKKdYd2jFYLX4RChvMqiCB.CbHo2R1m', 'Amministratore');

-- Locations
INSERT INTO locations (id, name) VALUES (1, 'ITALY'), (2, 'MEDITERRANEAN'), (3, 'OVERSEAS');

-- Destinations
INSERT INTO destinations (name, location_id, km, travel_hours, highway_cost) VALUES ('ANCONA', 1, 844, 8.3, 68);
INSERT INTO destinations (name, location_id, km, travel_hours, highway_cost) VALUES ('CALA GALERA', 1, 506, 6.3, 28);
INSERT INTO destinations (name, location_id, km, travel_hours, highway_cost) VALUES ('CARRARA', 1, 0, 0, 0);
INSERT INTO destinations (name, location_id, km, travel_hours, highway_cost) VALUES ('GENOVA', 1, 250, 3, 26);
INSERT INTO destinations (name, location_id, km, travel_hours, highway_cost) VALUES ('LA SPEZIA', 1, 70, 1.15, 6);
INSERT INTO destinations (name, location_id, km, travel_hours, highway_cost) VALUES ('LAVAGNA', 1, 160, 2, 18);
INSERT INTO destinations (name, location_id, km, travel_hours, highway_cost) VALUES ('LIVORNO', 1, 150, 2.2, 12);
INSERT INTO destinations (name, location_id, km, travel_hours, highway_cost) VALUES ('LOANO', 1, 386, 5, 40);
INSERT INTO destinations (name, location_id, km, travel_hours, highway_cost) VALUES ('NAPOLI', 1, 1200, 13, 95);
INSERT INTO destinations (name, location_id, km, travel_hours, highway_cost) VALUES ('PESARO', 1, 715, 7.3, 60);
INSERT INTO destinations (name, location_id, km, travel_hours, highway_cost) VALUES ('PIOMBINO', 1, 310, 4.1, 28);
INSERT INTO destinations (name, location_id, km, travel_hours, highway_cost) VALUES ('PISA', 1, 115, 2, 8);
INSERT INTO destinations (name, location_id, km, travel_hours, highway_cost) VALUES ('RAPALLO', 1, 185, 2.2, 20);
INSERT INTO destinations (name, location_id, km, travel_hours, highway_cost) VALUES ('SANREMO', 1, 520, 6.3, 57.8);
INSERT INTO destinations (name, location_id, km, travel_hours, highway_cost) VALUES ('SAVONA', 1, 330, 4.2, 33);
INSERT INTO destinations (name, location_id, km, travel_hours, highway_cost) VALUES ('VIAREGGIO', 1, 70, 1.3, 3);
INSERT INTO destinations (name, location_id, km, travel_hours, highway_cost) VALUES ('CANNES', 2, 684, 8.4, 83);
INSERT INTO destinations (name, location_id, km, travel_hours, highway_cost) VALUES ('LA CIOTAT', 2, 994, 11.2, 118);
INSERT INTO destinations (name, location_id, km, travel_hours, highway_cost) VALUES ('MONACO', 2, 600, 7.3, 66);
INSERT INTO destinations (name, location_id, km, travel_hours, highway_cost) VALUES ('NIZZA', 2, 614, 7.4, 73);
INSERT INTO destinations (name, location_id, km, travel_hours, highway_cost) VALUES ('TOLONE', 2, 914, 10.3, 110);

-- Brands
INSERT INTO brands (id, name, cost_percentage) VALUES (1, 'HAMANN', 0.80), (2, 'DVZ', 0.90);

-- Equipment Models
INSERT INTO equipment_models (id, brand_id, name) VALUES (1, 1, 'SUPERMINI');
INSERT INTO equipment_models (id, brand_id, name) VALUES (2, 1, 'SUPERMINI PLUS');
INSERT INTO equipment_models (id, brand_id, name) VALUES (3, 1, 'HL CONT 0125');
INSERT INTO equipment_models (id, brand_id, name) VALUES (4, 1, 'HL CONT 02 SLIM');
INSERT INTO equipment_models (id, brand_id, name) VALUES (5, 1, 'HL CONT 025');
INSERT INTO equipment_models (id, brand_id, name) VALUES (6, 1, 'HL CONT 05');
INSERT INTO equipment_models (id, brand_id, name) VALUES (7, 1, 'HL CONT 010');
INSERT INTO equipment_models (id, brand_id, name) VALUES (8, 1, 'L-FRAME/NORWAY FRAME');
INSERT INTO equipment_models (id, brand_id, name) VALUES (9, 2, 'DVZ FSU 150');
INSERT INTO equipment_models (id, brand_id, name) VALUES (10, 2, 'DVZ FSU 250');
INSERT INTO equipment_models (id, brand_id, name) VALUES (11, 2, 'DVZ FSU 500');
INSERT INTO equipment_models (id, brand_id, name) VALUES (12, 2, 'DVZ FSU 1000');
INSERT INTO equipment_models (id, brand_id, name) VALUES (13, 2, 'DVZ VC 150');
INSERT INTO equipment_models (id, brand_id, name) VALUES (14, 2, 'DVZ VC 250');
INSERT INTO equipment_models (id, brand_id, name) VALUES (15, 2, 'DVZ VC 500');

-- Component Categories
INSERT INTO component_categories (id, model_id, name, sort_order) VALUES (1, 1, 'MACERATOR', 1);
INSERT INTO component_categories (id, model_id, name, sort_order) VALUES (2, 1, 'DOSING PUMP', 2);
INSERT INTO component_categories (id, model_id, name, sort_order) VALUES (3, 1, 'ACCESSORIES', 3);
INSERT INTO component_categories (id, model_id, name, sort_order) VALUES (4, 2, 'MACERATOR', 1);
INSERT INTO component_categories (id, model_id, name, sort_order) VALUES (5, 2, 'DOSING PUMP', 2);
INSERT INTO component_categories (id, model_id, name, sort_order) VALUES (6, 2, 'SLUDGE PUMP', 3);
INSERT INTO component_categories (id, model_id, name, sort_order) VALUES (7, 2, 'ACCESSORIES', 4);
INSERT INTO component_categories (id, model_id, name, sort_order) VALUES (8, 3, 'FEEDING PUMP', 1);
INSERT INTO component_categories (id, model_id, name, sort_order) VALUES (9, 3, 'CLEAR PHASE PUMP', 2);
INSERT INTO component_categories (id, model_id, name, sort_order) VALUES (10, 3, 'DOSING PUMP - FLOCCULANT', 3);
INSERT INTO component_categories (id, model_id, name, sort_order) VALUES (11, 3, 'UV SYSTEM', 4);
INSERT INTO component_categories (id, model_id, name, sort_order) VALUES (12, 3, 'SLUDGE PUMP', 5);
INSERT INTO component_categories (id, model_id, name, sort_order) VALUES (13, 3, 'SEA WATER PUMP', 6);
INSERT INTO component_categories (id, model_id, name, sort_order) VALUES (14, 3, 'DISCHARGE PUMP', 7);
INSERT INTO component_categories (id, model_id, name, sort_order) VALUES (15, 3, 'ACCESSORIES', 8);
INSERT INTO component_categories (id, model_id, name, sort_order) VALUES (16, 4, 'FEEDING PUMP', 1);
INSERT INTO component_categories (id, model_id, name, sort_order) VALUES (17, 4, 'MACERATOR', 2);
INSERT INTO component_categories (id, model_id, name, sort_order) VALUES (18, 4, 'MULTI PHASE PUMP', 3);
INSERT INTO component_categories (id, model_id, name, sort_order) VALUES (19, 4, 'SLUDGE PUMP', 4);
INSERT INTO component_categories (id, model_id, name, sort_order) VALUES (20, 4, 'CLEAR PHASE PUMP', 5);
INSERT INTO component_categories (id, model_id, name, sort_order) VALUES (21, 4, 'UV SYSTEM', 6);
INSERT INTO component_categories (id, model_id, name, sort_order) VALUES (22, 4, 'ACCESSORIES', 7);
INSERT INTO component_categories (id, model_id, name, sort_order) VALUES (23, 5, 'FEEDING PUMP', 1);
INSERT INTO component_categories (id, model_id, name, sort_order) VALUES (24, 5, 'CLEAR PHASE PUMP', 2);
INSERT INTO component_categories (id, model_id, name, sort_order) VALUES (25, 5, 'DOSING PUMP - FLOCCULANT', 3);
INSERT INTO component_categories (id, model_id, name, sort_order) VALUES (26, 5, 'UV SYSTEM', 4);
INSERT INTO component_categories (id, model_id, name, sort_order) VALUES (27, 5, 'SLUDGE PUMP', 5);
INSERT INTO component_categories (id, model_id, name, sort_order) VALUES (28, 5, 'SEA WATER PUMP', 6);
INSERT INTO component_categories (id, model_id, name, sort_order) VALUES (29, 5, 'DISCHARGE PUMP', 7);
INSERT INTO component_categories (id, model_id, name, sort_order) VALUES (30, 5, 'ACCESSORIES', 8);
INSERT INTO component_categories (id, model_id, name, sort_order) VALUES (31, 6, 'FEEDING PUMP', 1);
INSERT INTO component_categories (id, model_id, name, sort_order) VALUES (32, 6, 'CLEAR PHASE PUMP', 2);
INSERT INTO component_categories (id, model_id, name, sort_order) VALUES (33, 6, 'DOSING PUMP', 3);
INSERT INTO component_categories (id, model_id, name, sort_order) VALUES (34, 6, 'SLUDGE PUMP', 4);
INSERT INTO component_categories (id, model_id, name, sort_order) VALUES (35, 6, 'UV SYSTEM', 5);
INSERT INTO component_categories (id, model_id, name, sort_order) VALUES (36, 6, 'ACCESSORIES', 6);
INSERT INTO component_categories (id, model_id, name, sort_order) VALUES (37, 7, 'MACERATOR', 1);
INSERT INTO component_categories (id, model_id, name, sort_order) VALUES (38, 7, 'FEEDING PUMP', 2);
INSERT INTO component_categories (id, model_id, name, sort_order) VALUES (39, 7, 'CLEAR PHASE PUMP', 3);
INSERT INTO component_categories (id, model_id, name, sort_order) VALUES (40, 7, 'DOSING PUMP BT4B 1000 PP', 4);
INSERT INTO component_categories (id, model_id, name, sort_order) VALUES (41, 7, 'DOSING PUMP BT4B 1602 PP', 5);
INSERT INTO component_categories (id, model_id, name, sort_order) VALUES (42, 7, 'SLUDGE PUMP MV44', 6);
INSERT INTO component_categories (id, model_id, name, sort_order) VALUES (43, 7, 'UV SYSTEM', 7);
INSERT INTO component_categories (id, model_id, name, sort_order) VALUES (44, 7, 'ACCESSORIES', 8);
INSERT INTO component_categories (id, model_id, name, sort_order) VALUES (45, 8, 'FEEDING PUMP', 1);
INSERT INTO component_categories (id, model_id, name, sort_order) VALUES (46, 8, 'MACERATOR', 2);
INSERT INTO component_categories (id, model_id, name, sort_order) VALUES (47, 8, 'DOSING PUMP', 3);
INSERT INTO component_categories (id, model_id, name, sort_order) VALUES (48, 8, 'SLUDGE PUMP', 4);
INSERT INTO component_categories (id, model_id, name, sort_order) VALUES (49, 8, 'CENTRIFUGAL PUMP', 5);
INSERT INTO component_categories (id, model_id, name, sort_order) VALUES (50, 8, 'ACCESSORIES', 6);
INSERT INTO component_categories (id, model_id, name, sort_order) VALUES (51, 9, 'DVZ FSU 150', 1);
INSERT INTO component_categories (id, model_id, name, sort_order) VALUES (52, 10, 'DVZ FSU 250', 1);
INSERT INTO component_categories (id, model_id, name, sort_order) VALUES (53, 11, 'DVZ FSU 500', 1);
INSERT INTO component_categories (id, model_id, name, sort_order) VALUES (54, 12, 'DVZ FSU 1000', 1);
INSERT INTO component_categories (id, model_id, name, sort_order) VALUES (55, 13, 'DVZ VC 150', 1);
INSERT INTO component_categories (id, model_id, name, sort_order) VALUES (56, 14, 'DVZ VC 250', 1);
INSERT INTO component_categories (id, model_id, name, sort_order) VALUES (57, 15, 'DVZ VC 500', 1);

-- Spare Parts
INSERT INTO spare_parts (id, category_id, name, part_number, list_price, sort_order) VALUES (1, 1, 'IMPELLER', '020492', 100.0, 1);
INSERT INTO spare_parts (id, category_id, name, part_number, list_price, sort_order) VALUES (2, 1, 'MACERATOR HOUSING', '020491', 250.0, 2);
INSERT INTO spare_parts (id, category_id, name, part_number, list_price, sort_order) VALUES (3, 1, 'MACERATOR PLATE', '014543', 64.5, 3);
INSERT INTO spare_parts (id, category_id, name, part_number, list_price, sort_order) VALUES (4, 1, 'SHAFT', '014542', 159.0, 4);
INSERT INTO spare_parts (id, category_id, name, part_number, list_price, sort_order) VALUES (5, 1, 'CONNECTING FLANGE', '020494', 135.0, 5);
INSERT INTO spare_parts (id, category_id, name, part_number, list_price, sort_order) VALUES (6, 1, 'SHAFT SEALING', '007145', 38.0, 6);
INSERT INTO spare_parts (id, category_id, name, part_number, list_price, sort_order) VALUES (7, 1, 'GASKET', '007144', 8.0, 7);
INSERT INTO spare_parts (id, category_id, name, part_number, list_price, sort_order) VALUES (8, 2, 'ACCESSORIES SET', '013242', 45.0, 1);
INSERT INTO spare_parts (id, category_id, name, part_number, list_price, sort_order) VALUES (9, 2, 'PUMP HOSE', '013234', 20.0, 2);
INSERT INTO spare_parts (id, category_id, name, part_number, list_price, sort_order) VALUES (10, 3, 'FLOW RATE LIMITED', 'NA', 35.0, 1);
INSERT INTO spare_parts (id, category_id, name, part_number, list_price, sort_order) VALUES (11, 4, 'IMPELLER', '020492', 66.0, 1);
INSERT INTO spare_parts (id, category_id, name, part_number, list_price, sort_order) VALUES (12, 4, 'MACERATOR HOUSING', '020491', 250.0, 2);
INSERT INTO spare_parts (id, category_id, name, part_number, list_price, sort_order) VALUES (13, 4, 'MACERATOR PLATE', '014543', 64.5, 3);
INSERT INTO spare_parts (id, category_id, name, part_number, list_price, sort_order) VALUES (14, 4, 'SHAFT', '014542', 159.0, 4);
INSERT INTO spare_parts (id, category_id, name, part_number, list_price, sort_order) VALUES (15, 4, 'CONNECTING FLANGE', '020494', 135.0, 5);
INSERT INTO spare_parts (id, category_id, name, part_number, list_price, sort_order) VALUES (16, 4, 'SHAFT SEALING', '007145', 38.0, 6);
INSERT INTO spare_parts (id, category_id, name, part_number, list_price, sort_order) VALUES (17, 4, 'GASKET', '007144', 8.0, 7);
INSERT INTO spare_parts (id, category_id, name, part_number, list_price, sort_order) VALUES (18, 5, 'ACCESSORIES SET', '013242', 45.0, 1);
INSERT INTO spare_parts (id, category_id, name, part_number, list_price, sort_order) VALUES (19, 5, 'PUMP HOSE', '013234', 20.0, 2);
INSERT INTO spare_parts (id, category_id, name, part_number, list_price, sort_order) VALUES (20, 6, 'REPAIR SET', '000015', 179.0, 1);
INSERT INTO spare_parts (id, category_id, name, part_number, list_price, sort_order) VALUES (21, 6, 'LIPPED RING', '000016', 59.0, 2);
INSERT INTO spare_parts (id, category_id, name, part_number, list_price, sort_order) VALUES (22, 7, 'FLOW RATE LIMITED', 'NA', 35.0, 1);
INSERT INTO spare_parts (id, category_id, name, part_number, list_price, sort_order) VALUES (23, 8, 'PLUG IN SHAFT', '015301', 551.0, 1);
INSERT INTO spare_parts (id, category_id, name, part_number, list_price, sort_order) VALUES (24, 8, 'PLUG IN SHAFT', '015302', 10.0, 2);
INSERT INTO spare_parts (id, category_id, name, part_number, list_price, sort_order) VALUES (25, 8, 'SPLASH RING', '015303', 29.0, 3);
INSERT INTO spare_parts (id, category_id, name, part_number, list_price, sort_order) VALUES (26, 8, 'MECHANICAL SEAL', '015304', 396.0, 4);
INSERT INTO spare_parts (id, category_id, name, part_number, list_price, sort_order) VALUES (27, 8, 'COUPLING ROD', '015305', 229.0, 5);
INSERT INTO spare_parts (id, category_id, name, part_number, list_price, sort_order) VALUES (28, 8, 'O-RING', '015306', 5.0, 6);
INSERT INTO spare_parts (id, category_id, name, part_number, list_price, sort_order) VALUES (29, 8, 'ROTOR', '015307', 359.0, 7);
INSERT INTO spare_parts (id, category_id, name, part_number, list_price, sort_order) VALUES (30, 8, 'STATOR', '015308', 257.0, 8);
INSERT INTO spare_parts (id, category_id, name, part_number, list_price, sort_order) VALUES (31, 8, 'PARTS FOR MOUNTING OF JOINT', '015309', 129.0, 9);
INSERT INTO spare_parts (id, category_id, name, part_number, list_price, sort_order) VALUES (32, 9, 'PLUG IN SHAFT', '015301', 551.0, 1);
INSERT INTO spare_parts (id, category_id, name, part_number, list_price, sort_order) VALUES (33, 9, 'PLUG IN SHAFT', '015302', 10.0, 2);
INSERT INTO spare_parts (id, category_id, name, part_number, list_price, sort_order) VALUES (34, 9, 'SPLASH RING', '015303', 29.0, 3);
INSERT INTO spare_parts (id, category_id, name, part_number, list_price, sort_order) VALUES (35, 9, 'MECHANICAL SEAL', '015304', 396.0, 4);
INSERT INTO spare_parts (id, category_id, name, part_number, list_price, sort_order) VALUES (36, 9, 'COUPLING ROD', '015305', 229.0, 5);
INSERT INTO spare_parts (id, category_id, name, part_number, list_price, sort_order) VALUES (37, 9, 'O-RING', '015306', 5.0, 6);
INSERT INTO spare_parts (id, category_id, name, part_number, list_price, sort_order) VALUES (38, 9, 'ROTOR', '015307', 359.0, 7);
INSERT INTO spare_parts (id, category_id, name, part_number, list_price, sort_order) VALUES (39, 9, 'STATOR', '015308', 257.0, 8);
INSERT INTO spare_parts (id, category_id, name, part_number, list_price, sort_order) VALUES (40, 9, 'PARTS FOR MOUNTING OF JOINT', '015309', 129.0, 9);
INSERT INTO spare_parts (id, category_id, name, part_number, list_price, sort_order) VALUES (41, 10, 'PUMP HOSE 3 X 8 MM', '015258', 91.0, 1);
INSERT INTO spare_parts (id, category_id, name, part_number, list_price, sort_order) VALUES (42, 11, 'HANDLE WITH EYELET', '015055', 22.5, 1);
INSERT INTO spare_parts (id, category_id, name, part_number, list_price, sort_order) VALUES (43, 11, 'IMMERSION PIPE SYSTEM', '005218', 277.0, 2);
INSERT INTO spare_parts (id, category_id, name, part_number, list_price, sort_order) VALUES (44, 11, 'PIPE BRUSH', '015029', 39.7, 3);
INSERT INTO spare_parts (id, category_id, name, part_number, list_price, sort_order) VALUES (45, 11, 'UV LAMP', '005214', 189.0, 4);
INSERT INTO spare_parts (id, category_id, name, part_number, list_price, sort_order) VALUES (46, 12, 'SPARE PART SET BIG MVI20', '016398', 1420.0, 1);
INSERT INTO spare_parts (id, category_id, name, part_number, list_price, sort_order) VALUES (47, 12, 'SPARE PART SET SMALL MVI20', 'NA', 740.0, 2);
INSERT INTO spare_parts (id, category_id, name, part_number, list_price, sort_order) VALUES (48, 13, 'SPARE PART SET BIG CB22', '015235', 280.0, 1);
INSERT INTO spare_parts (id, category_id, name, part_number, list_price, sort_order) VALUES (49, 14, 'SPARE PART SET BIG MV44', '013579', 918.9, 1);
INSERT INTO spare_parts (id, category_id, name, part_number, list_price, sort_order) VALUES (50, 14, 'SPARE PART SET SMALL MV44', '013578', 305.9, 2);
INSERT INTO spare_parts (id, category_id, name, part_number, list_price, sort_order) VALUES (51, 15, 'BLUEFLOC FLOCCULANT', '021084', 548.0, 1);
INSERT INTO spare_parts (id, category_id, name, part_number, list_price, sort_order) VALUES (52, 15, 'FLOW RATE LIMITED', 'NA', 35.0, 2);
INSERT INTO spare_parts (id, category_id, name, part_number, list_price, sort_order) VALUES (53, 16, 'PLUG IN SHAFT', '010398', 568.0, 1);
INSERT INTO spare_parts (id, category_id, name, part_number, list_price, sort_order) VALUES (54, 16, 'JOINT BOLT', '009826', 30.0, 2);
INSERT INTO spare_parts (id, category_id, name, part_number, list_price, sort_order) VALUES (55, 16, 'MECHANICAL SEAL', '010400', 321.9, 3);
INSERT INTO spare_parts (id, category_id, name, part_number, list_price, sort_order) VALUES (56, 16, 'BUSHING FOR JOINT BOLT', '009827', 68.0, 4);
INSERT INTO spare_parts (id, category_id, name, part_number, list_price, sort_order) VALUES (57, 16, 'O-RING', '010402', 8.0, 5);
INSERT INTO spare_parts (id, category_id, name, part_number, list_price, sort_order) VALUES (58, 16, 'ROTOR', '009831', 501.0, 6);
INSERT INTO spare_parts (id, category_id, name, part_number, list_price, sort_order) VALUES (59, 16, 'STATOR', '009832', 223.0, 7);
INSERT INTO spare_parts (id, category_id, name, part_number, list_price, sort_order) VALUES (60, 16, 'JOINT OIL', '000763', 16.0, 8);
INSERT INTO spare_parts (id, category_id, name, part_number, list_price, sort_order) VALUES (61, 16, 'JOINT CLAMP', '000764', 26.0, 9);
INSERT INTO spare_parts (id, category_id, name, part_number, list_price, sort_order) VALUES (62, 16, 'JOINT SHAFT', '010401', 479.0, 10);
INSERT INTO spare_parts (id, category_id, name, part_number, list_price, sort_order) VALUES (63, 16, 'JOINT BOOT/SLEEVE', '009830', 53.0, 11);
INSERT INTO spare_parts (id, category_id, name, part_number, list_price, sort_order) VALUES (64, 17, 'GAMMA RING', '000131', 27.0, 1);
INSERT INTO spare_parts (id, category_id, name, part_number, list_price, sort_order) VALUES (65, 17, 'KEY/FITTING KEY', '000801', 7.0, 2);
INSERT INTO spare_parts (id, category_id, name, part_number, list_price, sort_order) VALUES (66, 17, 'MECHANICAL SEAL', '000568', 407.9, 3);
INSERT INTO spare_parts (id, category_id, name, part_number, list_price, sort_order) VALUES (67, 17, 'LOCK NUT', '000807', 100.0, 4);
INSERT INTO spare_parts (id, category_id, name, part_number, list_price, sort_order) VALUES (68, 17, 'LOCKING PLATE', '000808', 13.0, 5);
INSERT INTO spare_parts (id, category_id, name, part_number, list_price, sort_order) VALUES (69, 17, 'IMPELLER', '000809', 789.0, 6);
INSERT INTO spare_parts (id, category_id, name, part_number, list_price, sort_order) VALUES (70, 17, 'CUTTER RING', '000810', 724.0, 7);
INSERT INTO spare_parts (id, category_id, name, part_number, list_price, sort_order) VALUES (71, 17, 'O-RING', '000569', 10.0, 8);
INSERT INTO spare_parts (id, category_id, name, part_number, list_price, sort_order) VALUES (72, 18, 'IMPELLER', '009779', 863.0, 1);
INSERT INTO spare_parts (id, category_id, name, part_number, list_price, sort_order) VALUES (73, 18, 'O-RING', '009778', 49.0, 2);
INSERT INTO spare_parts (id, category_id, name, part_number, list_price, sort_order) VALUES (74, 18, 'MECHANICAL SEAL', '01479', 670.5, 3);
INSERT INTO spare_parts (id, category_id, name, part_number, list_price, sort_order) VALUES (75, 19, 'REPAIR SET', '000015', 179.0, 1);
INSERT INTO spare_parts (id, category_id, name, part_number, list_price, sort_order) VALUES (76, 19, 'LIPPED RING', '000016', 59.0, 2);
INSERT INTO spare_parts (id, category_id, name, part_number, list_price, sort_order) VALUES (77, 20, 'MECHANICAL SEAL', '001668', 255.0, 1);
INSERT INTO spare_parts (id, category_id, name, part_number, list_price, sort_order) VALUES (78, 20, 'O-RING', '012976', 16.0, 2);
INSERT INTO spare_parts (id, category_id, name, part_number, list_price, sort_order) VALUES (79, 20, 'WASHER', '012369', 3.0, 3);
INSERT INTO spare_parts (id, category_id, name, part_number, list_price, sort_order) VALUES (80, 20, 'CIRCLIP', '012982', 8.0, 4);
INSERT INTO spare_parts (id, category_id, name, part_number, list_price, sort_order) VALUES (81, 20, 'FITTING KEY', '000654', 10.0, 5);
INSERT INTO spare_parts (id, category_id, name, part_number, list_price, sort_order) VALUES (82, 21, 'UV LAMP', '005214', 189.0, 1);
INSERT INTO spare_parts (id, category_id, name, part_number, list_price, sort_order) VALUES (83, 21, 'PIPE BRUSH', '015029', 39.7, 2);
INSERT INTO spare_parts (id, category_id, name, part_number, list_price, sort_order) VALUES (84, 21, 'HANDLE WITH EYELET', '015055', 22.5, 3);
INSERT INTO spare_parts (id, category_id, name, part_number, list_price, sort_order) VALUES (85, 21, 'IMMERSION PIPE SYSTEM', '005218', 277.0, 4);
INSERT INTO spare_parts (id, category_id, name, part_number, list_price, sort_order) VALUES (86, 22, 'FLOW RATE LIMITED', 'NA', 35.0, 1);
INSERT INTO spare_parts (id, category_id, name, part_number, list_price, sort_order) VALUES (87, 23, 'MECHANICAL SEAL', '015304', 396.0, 1);
INSERT INTO spare_parts (id, category_id, name, part_number, list_price, sort_order) VALUES (88, 23, 'O-RING', '015306', 5.0, 2);
INSERT INTO spare_parts (id, category_id, name, part_number, list_price, sort_order) VALUES (89, 23, 'PLUG IN SHAFT', '015301', 551.0, 3);
INSERT INTO spare_parts (id, category_id, name, part_number, list_price, sort_order) VALUES (90, 23, 'PLUG IN SHAFT', '015302', 10.0, 4);
INSERT INTO spare_parts (id, category_id, name, part_number, list_price, sort_order) VALUES (91, 23, 'SPLASH RING', '015303', 29.0, 5);
INSERT INTO spare_parts (id, category_id, name, part_number, list_price, sort_order) VALUES (92, 23, 'COUPLING ROD', '015305', 229.0, 6);
INSERT INTO spare_parts (id, category_id, name, part_number, list_price, sort_order) VALUES (93, 23, 'O-RING', '015306', 5.0, 7);
INSERT INTO spare_parts (id, category_id, name, part_number, list_price, sort_order) VALUES (94, 23, 'ROTOR', '015307', 359.0, 8);
INSERT INTO spare_parts (id, category_id, name, part_number, list_price, sort_order) VALUES (95, 23, 'STATOR', '015308', 257.0, 9);
INSERT INTO spare_parts (id, category_id, name, part_number, list_price, sort_order) VALUES (96, 23, 'PARTS FOR MOUNTING OF JOINT', '015309', 129.0, 10);
INSERT INTO spare_parts (id, category_id, name, part_number, list_price, sort_order) VALUES (97, 24, 'MECHANICAL SEAL', '015304', 396.0, 1);
INSERT INTO spare_parts (id, category_id, name, part_number, list_price, sort_order) VALUES (98, 24, 'O-RING', '015306', 5.0, 2);
INSERT INTO spare_parts (id, category_id, name, part_number, list_price, sort_order) VALUES (99, 24, 'PLUG IN SHAFT', '015301', 551.0, 3);
INSERT INTO spare_parts (id, category_id, name, part_number, list_price, sort_order) VALUES (100, 24, 'PLUG IN SHAFT', '015302', 10.0, 4);
INSERT INTO spare_parts (id, category_id, name, part_number, list_price, sort_order) VALUES (101, 24, 'SPLASH RING', '015303', 29.0, 5);
INSERT INTO spare_parts (id, category_id, name, part_number, list_price, sort_order) VALUES (102, 24, 'COUPLING ROD', '015305', 229.0, 6);
INSERT INTO spare_parts (id, category_id, name, part_number, list_price, sort_order) VALUES (103, 24, 'O-RING', '015306', 5.0, 7);
INSERT INTO spare_parts (id, category_id, name, part_number, list_price, sort_order) VALUES (104, 24, 'ROTOR', '015307', 359.0, 8);
INSERT INTO spare_parts (id, category_id, name, part_number, list_price, sort_order) VALUES (105, 24, 'STATOR', '015308', 257.0, 9);
INSERT INTO spare_parts (id, category_id, name, part_number, list_price, sort_order) VALUES (106, 24, 'PARTS FOR MOUNTING OF JOINT', '015309', 129.0, 10);
INSERT INTO spare_parts (id, category_id, name, part_number, list_price, sort_order) VALUES (107, 25, 'PUMP HOSE 3 X 8 MM', '015258', 91.0, 1);
INSERT INTO spare_parts (id, category_id, name, part_number, list_price, sort_order) VALUES (108, 26, 'UV LAMP', '005214', 189.0, 1);
INSERT INTO spare_parts (id, category_id, name, part_number, list_price, sort_order) VALUES (109, 26, 'PIPE BRUSH', '015029', 39.7, 2);
INSERT INTO spare_parts (id, category_id, name, part_number, list_price, sort_order) VALUES (110, 26, 'HANDLE WITH EYELET', '015055', 22.5, 3);
INSERT INTO spare_parts (id, category_id, name, part_number, list_price, sort_order) VALUES (111, 26, 'IMMERSION PIPE SYSTEM', '005218', 277.0, 4);
INSERT INTO spare_parts (id, category_id, name, part_number, list_price, sort_order) VALUES (112, 27, 'SPARE PART SET BIG MVI20', '016398', 1420.0, 1);
INSERT INTO spare_parts (id, category_id, name, part_number, list_price, sort_order) VALUES (113, 27, 'SPARE PART SET SMALL MVI20', 'NA', 740.0, 2);
INSERT INTO spare_parts (id, category_id, name, part_number, list_price, sort_order) VALUES (114, 28, 'SPARE PART SET BIG CB22', '015235', 280.0, 1);
INSERT INTO spare_parts (id, category_id, name, part_number, list_price, sort_order) VALUES (115, 29, 'SPARE PART SET BIG MV44', '013579', 918.9, 1);
INSERT INTO spare_parts (id, category_id, name, part_number, list_price, sort_order) VALUES (116, 29, 'SPARE PART SET SMALL MV44', '013578', 305.9, 2);
INSERT INTO spare_parts (id, category_id, name, part_number, list_price, sort_order) VALUES (117, 30, 'BLUEFLOC FLOCCULANT', '021084', 548.0, 1);
INSERT INTO spare_parts (id, category_id, name, part_number, list_price, sort_order) VALUES (118, 30, 'FLOW RATE LIMITED', 'NA', 35.0, 2);
INSERT INTO spare_parts (id, category_id, name, part_number, list_price, sort_order) VALUES (119, 31, 'CLAMPING RING', '001624', 7.0, 1);
INSERT INTO spare_parts (id, category_id, name, part_number, list_price, sort_order) VALUES (120, 31, 'MECHANICAL SEAL', '001626', 94.9, 2);
INSERT INTO spare_parts (id, category_id, name, part_number, list_price, sort_order) VALUES (121, 31, 'O-RING', '001627', 3.0, 3);
INSERT INTO spare_parts (id, category_id, name, part_number, list_price, sort_order) VALUES (122, 31, 'COUPLING ROD', '008311', 101.9, 4);
INSERT INTO spare_parts (id, category_id, name, part_number, list_price, sort_order) VALUES (123, 31, 'ROTOR', '008312', 656.0, 5);
INSERT INTO spare_parts (id, category_id, name, part_number, list_price, sort_order) VALUES (124, 31, 'STATOR', '008314', 155.0, 6);
INSERT INTO spare_parts (id, category_id, name, part_number, list_price, sort_order) VALUES (125, 31, 'THREADED/STATOR BOLT', '008315', 7.5, 7);
INSERT INTO spare_parts (id, category_id, name, part_number, list_price, sort_order) VALUES (126, 31, 'SM-PIN JOINT SEAL', '001628', 31.9, 8);
INSERT INTO spare_parts (id, category_id, name, part_number, list_price, sort_order) VALUES (127, 31, 'GASKET', '000058', 3.0, 9);
INSERT INTO spare_parts (id, category_id, name, part_number, list_price, sort_order) VALUES (128, 31, 'O-RING', '001607', 3.0, 10);
INSERT INTO spare_parts (id, category_id, name, part_number, list_price, sort_order) VALUES (129, 31, 'PARALLEL PIN', '001610', 6.0, 11);
INSERT INTO spare_parts (id, category_id, name, part_number, list_price, sort_order) VALUES (130, 31, 'ELASTIC SLEEVE', '001611', 7.0, 12);
INSERT INTO spare_parts (id, category_id, name, part_number, list_price, sort_order) VALUES (131, 31, 'CONNECTION SHAFT', '001612', 179.9, 13);
INSERT INTO spare_parts (id, category_id, name, part_number, list_price, sort_order) VALUES (132, 31, 'STUD BOLT', '001617', 3.0, 14);
INSERT INTO spare_parts (id, category_id, name, part_number, list_price, sort_order) VALUES (133, 31, 'CIRCLIP', '001621', 3.0, 15);
INSERT INTO spare_parts (id, category_id, name, part_number, list_price, sort_order) VALUES (134, 31, 'JOINT BOLT', '001622', 3.0, 16);
INSERT INTO spare_parts (id, category_id, name, part_number, list_price, sort_order) VALUES (135, 31, 'SLEEVE', '001623', 34.5, 17);
INSERT INTO spare_parts (id, category_id, name, part_number, list_price, sort_order) VALUES (136, 32, 'CLAMPING RING', '001624', 7.0, 1);
INSERT INTO spare_parts (id, category_id, name, part_number, list_price, sort_order) VALUES (137, 32, 'MECHANICAL SEAL', '001626', 94.9, 2);
INSERT INTO spare_parts (id, category_id, name, part_number, list_price, sort_order) VALUES (138, 32, 'O-RING', '001627', 3.0, 3);
INSERT INTO spare_parts (id, category_id, name, part_number, list_price, sort_order) VALUES (139, 32, 'COUPLING ROD', '008311', 101.9, 4);
INSERT INTO spare_parts (id, category_id, name, part_number, list_price, sort_order) VALUES (140, 32, 'ROTOR', '008312', 656.0, 5);
INSERT INTO spare_parts (id, category_id, name, part_number, list_price, sort_order) VALUES (141, 32, 'STATOR', '008314', 155.0, 6);
INSERT INTO spare_parts (id, category_id, name, part_number, list_price, sort_order) VALUES (142, 32, 'THREADED/STATOR BOLT', '008315', 7.5, 7);
INSERT INTO spare_parts (id, category_id, name, part_number, list_price, sort_order) VALUES (143, 32, 'SM-PIN JOINT SEAL', '001628', 31.9, 8);
INSERT INTO spare_parts (id, category_id, name, part_number, list_price, sort_order) VALUES (144, 32, 'GASKET', '000058', 3.0, 9);
INSERT INTO spare_parts (id, category_id, name, part_number, list_price, sort_order) VALUES (145, 32, 'O-RING', '001607', 3.0, 10);
INSERT INTO spare_parts (id, category_id, name, part_number, list_price, sort_order) VALUES (146, 32, 'PARALLEL PIN', '001610', 6.0, 11);
INSERT INTO spare_parts (id, category_id, name, part_number, list_price, sort_order) VALUES (147, 32, 'ELASTIC SLEEVE', '001611', 7.0, 12);
INSERT INTO spare_parts (id, category_id, name, part_number, list_price, sort_order) VALUES (148, 32, 'CONNECTION SHAFT', '001612', 179.9, 13);
INSERT INTO spare_parts (id, category_id, name, part_number, list_price, sort_order) VALUES (149, 32, 'STUD BOLT', '001617', 3.0, 14);
INSERT INTO spare_parts (id, category_id, name, part_number, list_price, sort_order) VALUES (150, 32, 'CIRCLIP', '001621', 3.0, 15);
INSERT INTO spare_parts (id, category_id, name, part_number, list_price, sort_order) VALUES (151, 32, 'JOINT BOLT', '001622', 3.0, 16);
INSERT INTO spare_parts (id, category_id, name, part_number, list_price, sort_order) VALUES (152, 32, 'SLEEVE', '001623', 34.5, 17);
INSERT INTO spare_parts (id, category_id, name, part_number, list_price, sort_order) VALUES (153, 33, 'PUMP HOSE', '015258', 91.0, 1);
INSERT INTO spare_parts (id, category_id, name, part_number, list_price, sort_order) VALUES (154, 34, 'STATOR', '015043', 558.0, 1);
INSERT INTO spare_parts (id, category_id, name, part_number, list_price, sort_order) VALUES (155, 34, 'ROTOR', '015044', 501.0, 2);
INSERT INTO spare_parts (id, category_id, name, part_number, list_price, sort_order) VALUES (156, 34, 'JOINT', '015045', 147.0, 3);
INSERT INTO spare_parts (id, category_id, name, part_number, list_price, sort_order) VALUES (157, 34, 'MECHANICAL SEAL', '015046', 182.0, 4);
INSERT INTO spare_parts (id, category_id, name, part_number, list_price, sort_order) VALUES (158, 34, 'O-RING', '015047', 32.0, 5);
INSERT INTO spare_parts (id, category_id, name, part_number, list_price, sort_order) VALUES (159, 35, 'UV LAMP', '005214', 189.0, 1);
INSERT INTO spare_parts (id, category_id, name, part_number, list_price, sort_order) VALUES (160, 35, 'PIPE BRUSH', '015029', 39.7, 2);
INSERT INTO spare_parts (id, category_id, name, part_number, list_price, sort_order) VALUES (161, 35, 'HANDLE WITH EYELET', '015055', 22.5, 3);
INSERT INTO spare_parts (id, category_id, name, part_number, list_price, sort_order) VALUES (162, 35, 'IMMERSION PIPE SYSTEM', '005218', 277.0, 4);
INSERT INTO spare_parts (id, category_id, name, part_number, list_price, sort_order) VALUES (163, 36, 'FLOW RATE LIMITED', 'NA', 35.0, 1);
INSERT INTO spare_parts (id, category_id, name, part_number, list_price, sort_order) VALUES (164, 37, 'GAMMA RING', '000131', 27.0, 1);
INSERT INTO spare_parts (id, category_id, name, part_number, list_price, sort_order) VALUES (165, 37, 'KEY/ FITTING KEY', '000801', 7.0, 2);
INSERT INTO spare_parts (id, category_id, name, part_number, list_price, sort_order) VALUES (166, 37, 'MECHANICAL SEAL', '000568', 407.9, 3);
INSERT INTO spare_parts (id, category_id, name, part_number, list_price, sort_order) VALUES (167, 37, 'LOCK NUT', '000807', 100.0, 4);
INSERT INTO spare_parts (id, category_id, name, part_number, list_price, sort_order) VALUES (168, 37, 'LOCKING PLATE', '000808', 13.0, 5);
INSERT INTO spare_parts (id, category_id, name, part_number, list_price, sort_order) VALUES (169, 37, 'CUTTING WHEEL', '000809', 789.0, 6);
INSERT INTO spare_parts (id, category_id, name, part_number, list_price, sort_order) VALUES (170, 37, 'CUTTER RING', '000810', 724.0, 7);
INSERT INTO spare_parts (id, category_id, name, part_number, list_price, sort_order) VALUES (171, 37, 'O-RING', '000569', 10.0, 8);
INSERT INTO spare_parts (id, category_id, name, part_number, list_price, sort_order) VALUES (172, 38, 'MECHANICAL SEAL', '001626', 94.9, 1);
INSERT INTO spare_parts (id, category_id, name, part_number, list_price, sort_order) VALUES (173, 38, 'GASKET/SEALING', '000058', 3.0, 2);
INSERT INTO spare_parts (id, category_id, name, part_number, list_price, sort_order) VALUES (174, 38, 'O-RING', '001607', 3.0, 3);
INSERT INTO spare_parts (id, category_id, name, part_number, list_price, sort_order) VALUES (175, 38, 'O-RING', '001627', 3.0, 4);
INSERT INTO spare_parts (id, category_id, name, part_number, list_price, sort_order) VALUES (176, 38, 'SM-PIN JOINT SEAL', '001628', 31.9, 5);
INSERT INTO spare_parts (id, category_id, name, part_number, list_price, sort_order) VALUES (177, 38, 'PARALLEL PIN', '001610', 6.0, 6);
INSERT INTO spare_parts (id, category_id, name, part_number, list_price, sort_order) VALUES (178, 38, 'THROWER', '001611', 7.0, 7);
INSERT INTO spare_parts (id, category_id, name, part_number, list_price, sort_order) VALUES (179, 38, 'CONNECTION SHAFT', '001612', 179.9, 8);
INSERT INTO spare_parts (id, category_id, name, part_number, list_price, sort_order) VALUES (180, 38, 'COUPLING ROD', '005349', 359.0, 9);
INSERT INTO spare_parts (id, category_id, name, part_number, list_price, sort_order) VALUES (181, 38, 'ROTOR', '001614', 295.5, 10);
INSERT INTO spare_parts (id, category_id, name, part_number, list_price, sort_order) VALUES (182, 38, 'STATOR', '014768', 164.9, 11);
INSERT INTO spare_parts (id, category_id, name, part_number, list_price, sort_order) VALUES (183, 38, 'THRU BOLT', '001620', 3.4, 12);
INSERT INTO spare_parts (id, category_id, name, part_number, list_price, sort_order) VALUES (184, 38, 'HEXAGONAL NUT', '001036', 3.0, 13);
INSERT INTO spare_parts (id, category_id, name, part_number, list_price, sort_order) VALUES (185, 38, 'WASHER', '001094', 3.0, 14);
INSERT INTO spare_parts (id, category_id, name, part_number, list_price, sort_order) VALUES (186, 38, 'CIRCLIP', '001621', 3.0, 15);
INSERT INTO spare_parts (id, category_id, name, part_number, list_price, sort_order) VALUES (187, 38, 'JOINT BOLT', '001622', 3.0, 16);
INSERT INTO spare_parts (id, category_id, name, part_number, list_price, sort_order) VALUES (188, 38, 'SLEEVE/BUSHING', '001623', 34.5, 17);
INSERT INTO spare_parts (id, category_id, name, part_number, list_price, sort_order) VALUES (189, 38, 'CLAMPING RING', '001624', 7.0, 18);
INSERT INTO spare_parts (id, category_id, name, part_number, list_price, sort_order) VALUES (190, 39, 'MECHANICAL SEAL', '001626', 94.9, 1);
INSERT INTO spare_parts (id, category_id, name, part_number, list_price, sort_order) VALUES (191, 39, 'GASKET/SEALING', '000058', 3.0, 2);
INSERT INTO spare_parts (id, category_id, name, part_number, list_price, sort_order) VALUES (192, 39, 'O-RING', '001607', 3.0, 3);
INSERT INTO spare_parts (id, category_id, name, part_number, list_price, sort_order) VALUES (193, 39, 'O-RING', '001627', 3.0, 4);
INSERT INTO spare_parts (id, category_id, name, part_number, list_price, sort_order) VALUES (194, 39, 'SM-PIN JOINT SEAL', '001628', 31.9, 5);
INSERT INTO spare_parts (id, category_id, name, part_number, list_price, sort_order) VALUES (195, 39, 'PARALLEL PIN', '001610', 6.0, 6);
INSERT INTO spare_parts (id, category_id, name, part_number, list_price, sort_order) VALUES (196, 39, 'THROWER', '001611', 7.0, 7);
INSERT INTO spare_parts (id, category_id, name, part_number, list_price, sort_order) VALUES (197, 39, 'CONNECTION SHAFT', '001612', 179.9, 8);
INSERT INTO spare_parts (id, category_id, name, part_number, list_price, sort_order) VALUES (198, 39, 'COUPLING ROD', '005349', 359.0, 9);
INSERT INTO spare_parts (id, category_id, name, part_number, list_price, sort_order) VALUES (199, 39, 'ROTOR', '001614', 295.5, 10);
INSERT INTO spare_parts (id, category_id, name, part_number, list_price, sort_order) VALUES (200, 39, 'STATOR', '014768', 164.9, 11);
INSERT INTO spare_parts (id, category_id, name, part_number, list_price, sort_order) VALUES (201, 39, 'THRU BOLT', '001620', 3.4, 12);
INSERT INTO spare_parts (id, category_id, name, part_number, list_price, sort_order) VALUES (202, 39, 'HEXAGONAL NUT', '001036', 3.0, 13);
INSERT INTO spare_parts (id, category_id, name, part_number, list_price, sort_order) VALUES (203, 39, 'WASHER', '001094', 3.0, 14);
INSERT INTO spare_parts (id, category_id, name, part_number, list_price, sort_order) VALUES (204, 39, 'CIRCLIP', '001621', 3.0, 15);
INSERT INTO spare_parts (id, category_id, name, part_number, list_price, sort_order) VALUES (205, 39, 'JOINT BOLT', '001622', 3.0, 16);
INSERT INTO spare_parts (id, category_id, name, part_number, list_price, sort_order) VALUES (206, 39, 'SLEEVE/BUSHING', '001623', 34.5, 17);
INSERT INTO spare_parts (id, category_id, name, part_number, list_price, sort_order) VALUES (207, 39, 'CLAMPING RING', '001624', 7.0, 18);
INSERT INTO spare_parts (id, category_id, name, part_number, list_price, sort_order) VALUES (208, 40, 'DOSING VALVE', '005271', 169.8, 1);
INSERT INTO spare_parts (id, category_id, name, part_number, list_price, sort_order) VALUES (209, 40, 'HOSE (5M)', '005289', 19.0, 2);
INSERT INTO spare_parts (id, category_id, name, part_number, list_price, sort_order) VALUES (210, 40, 'SPARE PART SET', '007150', 336.0, 3);
INSERT INTO spare_parts (id, category_id, name, part_number, list_price, sort_order) VALUES (211, 40, 'CONNECTION SET', '009738', 25.0, 4);
INSERT INTO spare_parts (id, category_id, name, part_number, list_price, sort_order) VALUES (212, 40, 'VENT VALVE', '013582', 70.0, 5);
INSERT INTO spare_parts (id, category_id, name, part_number, list_price, sort_order) VALUES (213, 41, 'DOSING VALVE', '005271', 169.8, 1);
INSERT INTO spare_parts (id, category_id, name, part_number, list_price, sort_order) VALUES (214, 41, 'HOSE (5M)', '005289', 19.0, 2);
INSERT INTO spare_parts (id, category_id, name, part_number, list_price, sort_order) VALUES (215, 41, 'SPARE PART SET', '005253', 559.9, 3);
INSERT INTO spare_parts (id, category_id, name, part_number, list_price, sort_order) VALUES (216, 41, 'CONNECTION SET', '009738', 25.0, 4);
INSERT INTO spare_parts (id, category_id, name, part_number, list_price, sort_order) VALUES (217, 41, 'VENT VALVE', '013582', 70.0, 5);
INSERT INTO spare_parts (id, category_id, name, part_number, list_price, sort_order) VALUES (218, 42, 'SPARE PART SET, SMALL', '013578', 305.9, 1);
INSERT INTO spare_parts (id, category_id, name, part_number, list_price, sort_order) VALUES (219, 42, 'SPARE PART SET, BIG', '013579', 981.9, 2);
INSERT INTO spare_parts (id, category_id, name, part_number, list_price, sort_order) VALUES (220, 43, 'IMMERSION PIPE SYSTEM', '005218', 277.0, 1);
INSERT INTO spare_parts (id, category_id, name, part_number, list_price, sort_order) VALUES (221, 43, 'UV LAMP', '005214', 189.0, 2);
INSERT INTO spare_parts (id, category_id, name, part_number, list_price, sort_order) VALUES (222, 43, 'ELECTRONIC BALLAST', '005322', 325.6, 3);
INSERT INTO spare_parts (id, category_id, name, part_number, list_price, sort_order) VALUES (223, 44, 'FLOW RATE LIMITED', 'NA', 35.0, 1);
INSERT INTO spare_parts (id, category_id, name, part_number, list_price, sort_order) VALUES (224, 45, 'MECHANICAL SEAL', '000566', 599.0, 1);
INSERT INTO spare_parts (id, category_id, name, part_number, list_price, sort_order) VALUES (225, 45, 'JOINT BOLT', '000759', 36.9, 2);
INSERT INTO spare_parts (id, category_id, name, part_number, list_price, sort_order) VALUES (226, 45, 'BUSH FOR JOINT BOLT', '000760', 39.0, 3);
INSERT INTO spare_parts (id, category_id, name, part_number, list_price, sort_order) VALUES (227, 45, 'JOINT OIL', '000763', 16.0, 4);
INSERT INTO spare_parts (id, category_id, name, part_number, list_price, sort_order) VALUES (228, 45, 'JOINT CLAMP', '000764', 26.0, 5);
INSERT INTO spare_parts (id, category_id, name, part_number, list_price, sort_order) VALUES (229, 45, 'JOINT SHAFT', '000765', 426.9, 6);
INSERT INTO spare_parts (id, category_id, name, part_number, list_price, sort_order) VALUES (230, 45, 'JOINT SLEEVE', '001451', 31.0, 7);
INSERT INTO spare_parts (id, category_id, name, part_number, list_price, sort_order) VALUES (231, 45, 'ROTOR', '000767', 329.0, 8);
INSERT INTO spare_parts (id, category_id, name, part_number, list_price, sort_order) VALUES (232, 45, 'STATOR', '000169', 239.0, 9);
INSERT INTO spare_parts (id, category_id, name, part_number, list_price, sort_order) VALUES (233, 45, 'O-RING', '000775', 15.0, 10);
INSERT INTO spare_parts (id, category_id, name, part_number, list_price, sort_order) VALUES (234, 46, 'GAMMA RING', '000131', 27.0, 1);
INSERT INTO spare_parts (id, category_id, name, part_number, list_price, sort_order) VALUES (235, 46, 'FITTING KEY', '000801', 7.0, 2);
INSERT INTO spare_parts (id, category_id, name, part_number, list_price, sort_order) VALUES (236, 46, 'MECHANICAL SEAL', '000568', 407.9, 3);
INSERT INTO spare_parts (id, category_id, name, part_number, list_price, sort_order) VALUES (237, 46, 'SEALING COVER', '000802', 335.0, 4);
INSERT INTO spare_parts (id, category_id, name, part_number, list_price, sort_order) VALUES (238, 46, 'HEXAGONAL NUT', '000803', 3.0, 5);
INSERT INTO spare_parts (id, category_id, name, part_number, list_price, sort_order) VALUES (239, 46, 'LCOKING WASHER', '000804', 3.0, 6);
INSERT INTO spare_parts (id, category_id, name, part_number, list_price, sort_order) VALUES (240, 46, 'LOCK NUT', '000807', 100.0, 7);
INSERT INTO spare_parts (id, category_id, name, part_number, list_price, sort_order) VALUES (241, 46, 'LOCKING PLATE', '000808', 13.0, 8);
INSERT INTO spare_parts (id, category_id, name, part_number, list_price, sort_order) VALUES (242, 46, 'IMPELLER', '000809', 789.0, 9);
INSERT INTO spare_parts (id, category_id, name, part_number, list_price, sort_order) VALUES (243, 46, 'CUTTER RING', '000810', 724.0, 10);
INSERT INTO spare_parts (id, category_id, name, part_number, list_price, sort_order) VALUES (244, 46, 'O-RING', '000569', 10.0, 11);
INSERT INTO spare_parts (id, category_id, name, part_number, list_price, sort_order) VALUES (245, 47, 'PRESSURE VALVE', '001869', 207.0, 1);
INSERT INTO spare_parts (id, category_id, name, part_number, list_price, sort_order) VALUES (246, 47, 'SUCTION VALVE', '001870', 149.5, 2);
INSERT INTO spare_parts (id, category_id, name, part_number, list_price, sort_order) VALUES (247, 47, 'HOSE (5m)', '000865', 3.0, 3);
INSERT INTO spare_parts (id, category_id, name, part_number, list_price, sort_order) VALUES (248, 47, 'DOSING VALVE', '000174', 157.0, 4);
INSERT INTO spare_parts (id, category_id, name, part_number, list_price, sort_order) VALUES (249, 47, 'SET OF GASKET', '001873', 122.0, 5);
INSERT INTO spare_parts (id, category_id, name, part_number, list_price, sort_order) VALUES (250, 47, 'DIAPHRAGM', '000881', 249.0, 6);
INSERT INTO spare_parts (id, category_id, name, part_number, list_price, sort_order) VALUES (251, 48, 'MECHANICAL SEAL', '000676', 357.0, 1);
INSERT INTO spare_parts (id, category_id, name, part_number, list_price, sort_order) VALUES (252, 48, 'IMPELLER', '000680', 600.0, 2);
INSERT INTO spare_parts (id, category_id, name, part_number, list_price, sort_order) VALUES (253, 48, 'SET OF GASKET', '000682', 169.0, 3);
INSERT INTO spare_parts (id, category_id, name, part_number, list_price, sort_order) VALUES (254, 48, 'IMPELLER NUT', '000681', 53.0, 4);
INSERT INTO spare_parts (id, category_id, name, part_number, list_price, sort_order) VALUES (255, 48, 'WEARING PLATE', '000679', 347.0, 5);
INSERT INTO spare_parts (id, category_id, name, part_number, list_price, sort_order) VALUES (256, 48, 'O-RING', '001898', 49.0, 6);
INSERT INTO spare_parts (id, category_id, name, part_number, list_price, sort_order) VALUES (257, 49, 'HOSE CONNECTION', '000587', 127.0, 1);
INSERT INTO spare_parts (id, category_id, name, part_number, list_price, sort_order) VALUES (258, 49, 'PUMP HOUSING', '000612', 78.0, 2);
INSERT INTO spare_parts (id, category_id, name, part_number, list_price, sort_order) VALUES (259, 49, 'IMPELLER', '000598', 24.0, 3);
INSERT INTO spare_parts (id, category_id, name, part_number, list_price, sort_order) VALUES (260, 49, 'O-RING', '000600', 9.0, 4);
INSERT INTO spare_parts (id, category_id, name, part_number, list_price, sort_order) VALUES (261, 49, 'O-RING', '000602', 4.0, 5);
INSERT INTO spare_parts (id, category_id, name, part_number, list_price, sort_order) VALUES (262, 49, 'O-RING', '000603', 5.0, 6);
INSERT INTO spare_parts (id, category_id, name, part_number, list_price, sort_order) VALUES (263, 49, 'SCREW', '000608', 3.0, 7);
INSERT INTO spare_parts (id, category_id, name, part_number, list_price, sort_order) VALUES (264, 49, 'HEXAGONAL SCREW', '000609', 3.0, 8);
INSERT INTO spare_parts (id, category_id, name, part_number, list_price, sort_order) VALUES (265, 49, 'HEXAGONAL SCREW', '000610', 3.0, 9);
INSERT INTO spare_parts (id, category_id, name, part_number, list_price, sort_order) VALUES (266, 50, 'FLOW RATE LIMITED', 'NA', 35.0, 1);
INSERT INTO spare_parts (id, category_id, name, part_number, list_price, sort_order) VALUES (267, 51, 'STATOR', '04101107166', 202.42, 1);
INSERT INTO spare_parts (id, category_id, name, part_number, list_price, sort_order) VALUES (268, 51, 'COVER SEALING', '0480304004', 47.57, 2);
INSERT INTO spare_parts (id, category_id, name, part_number, list_price, sort_order) VALUES (269, 51, 'GASKET FOR COALESCER CHAMBER', '0650304019', 17.48, 3);
INSERT INTO spare_parts (id, category_id, name, part_number, list_price, sort_order) VALUES (270, 51, 'COALESCERT SET', '0530203001', 188.84, 4);
INSERT INTO spare_parts (id, category_id, name, part_number, list_price, sort_order) VALUES (271, 51, 'FINE SEPARATION CARTRIDGE', '0480305064', 790.38, 5);
INSERT INTO spare_parts (id, category_id, name, part_number, list_price, sort_order) VALUES (272, 51, '2/2 WAY PISTON VALVE', '0420211001', 221.05, 6);
INSERT INTO spare_parts (id, category_id, name, part_number, list_price, sort_order) VALUES (273, 51, '3/2 WAY PISTON VALVE', '0420211102', 383.18, 7);
INSERT INTO spare_parts (id, category_id, name, part_number, list_price, sort_order) VALUES (274, 51, '2/2 WAY SOLENOID  VALVE', '0410313032', 153.59, 8);
INSERT INTO spare_parts (id, category_id, name, part_number, list_price, sort_order) VALUES (275, 51, 'SENSOR ELECTRODE', '00460119001', 264.95, 9);
INSERT INTO spare_parts (id, category_id, name, part_number, list_price, sort_order) VALUES (276, 51, 'CELL CLEANING BRUSH', '0440126007', 19.31, 10);
INSERT INTO spare_parts (id, category_id, name, part_number, list_price, sort_order) VALUES (277, 51, 'CELL CLEANING BRUSH', '0440126002', 12.38, 11);
INSERT INTO spare_parts (id, category_id, name, part_number, list_price, sort_order) VALUES (278, 51, 'MEASURING CELL OMD2005', '0440113024', 3080.4, 12);
INSERT INTO spare_parts (id, category_id, name, part_number, list_price, sort_order) VALUES (279, 52, 'STATOR', '04101107166', 202.42, 1);
INSERT INTO spare_parts (id, category_id, name, part_number, list_price, sort_order) VALUES (280, 52, 'COVER SEALING', '0480304004', 47.57, 2);
INSERT INTO spare_parts (id, category_id, name, part_number, list_price, sort_order) VALUES (281, 52, 'GASKET FOR COALESCER CHAMBER', '0650304017', 21.66, 3);
INSERT INTO spare_parts (id, category_id, name, part_number, list_price, sort_order) VALUES (282, 52, 'COALESCERT SET', '0530203009', 238.41, 4);
INSERT INTO spare_parts (id, category_id, name, part_number, list_price, sort_order) VALUES (283, 52, 'FINE SEPARATION CARTRIDGE', '0480305064', 790.38, 5);
INSERT INTO spare_parts (id, category_id, name, part_number, list_price, sort_order) VALUES (284, 52, '2/2 WAY PISTON VALVE', '0420211001', 221.05, 6);
INSERT INTO spare_parts (id, category_id, name, part_number, list_price, sort_order) VALUES (285, 52, '3/2 WAY PISTON VALVE', '0420211102', 383.18, 7);
INSERT INTO spare_parts (id, category_id, name, part_number, list_price, sort_order) VALUES (286, 52, '2/2 WAY SOLENOID  VALVE', '0410313032', 153.59, 8);
INSERT INTO spare_parts (id, category_id, name, part_number, list_price, sort_order) VALUES (287, 52, 'SENSOR ELECTRODE', '00460119001', 264.95, 9);
INSERT INTO spare_parts (id, category_id, name, part_number, list_price, sort_order) VALUES (288, 52, 'CELL CLEANING BRUSH', '0440126007', 19.31, 10);
INSERT INTO spare_parts (id, category_id, name, part_number, list_price, sort_order) VALUES (289, 52, 'CELL CLEANING BRUSH', '0440126002', 12.38, 11);
INSERT INTO spare_parts (id, category_id, name, part_number, list_price, sort_order) VALUES (290, 52, 'MEASURING CELL OMD2005', '0440113024', 3080.4, 12);
INSERT INTO spare_parts (id, category_id, name, part_number, list_price, sort_order) VALUES (291, 53, 'STATOR', '04101107111', 200.59, 1);
INSERT INTO spare_parts (id, category_id, name, part_number, list_price, sort_order) VALUES (292, 53, 'COVER SEALING', '0480304005', 53.53, 2);
INSERT INTO spare_parts (id, category_id, name, part_number, list_price, sort_order) VALUES (293, 53, 'GASKET FOR COALESCER CHAMBER', '0650304016', 28.14, 3);
INSERT INTO spare_parts (id, category_id, name, part_number, list_price, sort_order) VALUES (294, 53, 'COALESCERT SET', '0530203010', 282.72, 4);
INSERT INTO spare_parts (id, category_id, name, part_number, list_price, sort_order) VALUES (295, 53, 'FINE SEPARATION CARTRIDGE', '0480305066', 822.13, 5);
INSERT INTO spare_parts (id, category_id, name, part_number, list_price, sort_order) VALUES (296, 53, '2/2 WAY PISTON VALVE', '0420211001', 221.05, 6);
INSERT INTO spare_parts (id, category_id, name, part_number, list_price, sort_order) VALUES (297, 53, '3/2 WAY PISTON VALVE', '0420211102', 383.18, 7);
INSERT INTO spare_parts (id, category_id, name, part_number, list_price, sort_order) VALUES (298, 53, '2/2 WAY SOLENOID VALVE', '0410313032', 153.59, 8);
INSERT INTO spare_parts (id, category_id, name, part_number, list_price, sort_order) VALUES (299, 53, 'SENSOR ELECTRODE', '0460119001', 264.95, 9);
INSERT INTO spare_parts (id, category_id, name, part_number, list_price, sort_order) VALUES (300, 53, 'CELL CLEANING BRUSH', '0440126007', 19.31, 10);
INSERT INTO spare_parts (id, category_id, name, part_number, list_price, sort_order) VALUES (301, 53, 'CELL CLEANING BRUSH', '0440126002', 12.38, 11);
INSERT INTO spare_parts (id, category_id, name, part_number, list_price, sort_order) VALUES (302, 53, 'MEASURING CELL OMD2005', '0440113024', 3080.4, 12);
INSERT INTO spare_parts (id, category_id, name, part_number, list_price, sort_order) VALUES (303, 54, 'STATOR', '04101107112', 249.88, 1);
INSERT INTO spare_parts (id, category_id, name, part_number, list_price, sort_order) VALUES (304, 54, 'COVER SEALING', '0480304005', 53.53, 2);
INSERT INTO spare_parts (id, category_id, name, part_number, list_price, sort_order) VALUES (305, 54, 'GASKET FOR COALESCER CHAMBER', '0650304016', 28.14, 3);
INSERT INTO spare_parts (id, category_id, name, part_number, list_price, sort_order) VALUES (306, 54, 'COALESCER SET', '0530203011', 282.72, 4);
INSERT INTO spare_parts (id, category_id, name, part_number, list_price, sort_order) VALUES (307, 54, 'FINE SEPARATION CARTRIDGE', '0480305067', 822.13, 5);
INSERT INTO spare_parts (id, category_id, name, part_number, list_price, sort_order) VALUES (308, 54, '2/2 WAY PISTON VALVE', '0420211001', 221.05, 6);
INSERT INTO spare_parts (id, category_id, name, part_number, list_price, sort_order) VALUES (309, 54, '3/2 WAY PISTON VALVE', '0420211102', 383.18, 7);
INSERT INTO spare_parts (id, category_id, name, part_number, list_price, sort_order) VALUES (310, 54, '2/2 WAY SOLENOID VALVE', '0410313032', 153.59, 8);
INSERT INTO spare_parts (id, category_id, name, part_number, list_price, sort_order) VALUES (311, 54, 'SENSOR ELECTRODE', '0460119001', 264.95, 9);
INSERT INTO spare_parts (id, category_id, name, part_number, list_price, sort_order) VALUES (312, 54, 'CELL CLEANING BRUSH', '0440126007', 19.31, 10);
INSERT INTO spare_parts (id, category_id, name, part_number, list_price, sort_order) VALUES (313, 54, 'CELL CLEANING BRUSH', '0440126002', 12.38, 11);
INSERT INTO spare_parts (id, category_id, name, part_number, list_price, sort_order) VALUES (314, 54, 'MEASURING CELL OMD2005', '0440113024', 3080.4, 12);
INSERT INTO spare_parts (id, category_id, name, part_number, list_price, sort_order) VALUES (315, 55, 'STATOR', '0410119001', 170.35, 1);
INSERT INTO spare_parts (id, category_id, name, part_number, list_price, sort_order) VALUES (316, 55, 'U-GASKET FOR COALESCER CHAMBER', '0650304019', 17.0, 2);
INSERT INTO spare_parts (id, category_id, name, part_number, list_price, sort_order) VALUES (317, 55, 'COALESCER SET', '0530203001', 183.7, 3);
INSERT INTO spare_parts (id, category_id, name, part_number, list_price, sort_order) VALUES (318, 55, 'COVER SEALING', '0480304003', 44.99, 4);
INSERT INTO spare_parts (id, category_id, name, part_number, list_price, sort_order) VALUES (319, 55, 'STUFFING BOX PACKING SET', '0410116001', 33.81, 5);
INSERT INTO spare_parts (id, category_id, name, part_number, list_price, sort_order) VALUES (320, 55, 'DESSICATOR CARTRIDGE', '0440120001', 95.83, 6);
INSERT INTO spare_parts (id, category_id, name, part_number, list_price, sort_order) VALUES (321, 55, 'SENSOR ELECTRODE', '0460119001', 264.95, 7);
INSERT INTO spare_parts (id, category_id, name, part_number, list_price, sort_order) VALUES (322, 55, '2/2 WAY PISTON VALVE 3/4', '0420211001', 221.05, 8);
INSERT INTO spare_parts (id, category_id, name, part_number, list_price, sort_order) VALUES (323, 55, '3/2 WAY PISTON VALVE 3/4', '0420211002', 383.18, 9);
INSERT INTO spare_parts (id, category_id, name, part_number, list_price, sort_order) VALUES (324, 55, '3/2 WAY SOLENOID VALVE', '0410313104', 101.5, 10);
INSERT INTO spare_parts (id, category_id, name, part_number, list_price, sort_order) VALUES (325, 55, 'TANK INSTALLATION VALVE', '0420220000', 398.06, 11);
INSERT INTO spare_parts (id, category_id, name, part_number, list_price, sort_order) VALUES (326, 55, 'CELL CLEANING BRUSH FOR OMD-11', '0440126002', 12.04, 12);
INSERT INTO spare_parts (id, category_id, name, part_number, list_price, sort_order) VALUES (327, 55, 'MEASURING CELL OMD2005', '0440113024', 3080.4, 13);
INSERT INTO spare_parts (id, category_id, name, part_number, list_price, sort_order) VALUES (328, 56, 'STATOR', '0410119001', 175.12, 1);
INSERT INTO spare_parts (id, category_id, name, part_number, list_price, sort_order) VALUES (329, 56, 'U-GASKET FOR COALESCER CHAMBER', '0650304011', 23.1, 2);
INSERT INTO spare_parts (id, category_id, name, part_number, list_price, sort_order) VALUES (330, 56, 'COALESCER SET', '0530203022', 282.69, 3);
INSERT INTO spare_parts (id, category_id, name, part_number, list_price, sort_order) VALUES (331, 56, 'COVER SEALING', '0480304004', 47.57, 4);
INSERT INTO spare_parts (id, category_id, name, part_number, list_price, sort_order) VALUES (332, 56, 'STUFFING BOX PACKING SET', '0410116001', 33.81, 5);
INSERT INTO spare_parts (id, category_id, name, part_number, list_price, sort_order) VALUES (333, 56, 'DESSICATOR CARTRIDGE', '044012001', 98.52, 6);
INSERT INTO spare_parts (id, category_id, name, part_number, list_price, sort_order) VALUES (334, 56, 'TANK INSTALLATION VALVE', '0420220000', 398.06, 7);
INSERT INTO spare_parts (id, category_id, name, part_number, list_price, sort_order) VALUES (335, 56, 'SENSOR ELECTRODE', '0460119001', 264.95, 8);
INSERT INTO spare_parts (id, category_id, name, part_number, list_price, sort_order) VALUES (336, 56, '2/2 WAY PISTON VALVE 3/4', '0420211001', 221.05, 9);
INSERT INTO spare_parts (id, category_id, name, part_number, list_price, sort_order) VALUES (337, 56, '3/2 WAY PISTON VALVE 3/4', '0420211102', 383.18, 10);
INSERT INTO spare_parts (id, category_id, name, part_number, list_price, sort_order) VALUES (338, 56, '3/2 WAY SOLENOID VALVE', '0410313104', 101.5, 11);
INSERT INTO spare_parts (id, category_id, name, part_number, list_price, sort_order) VALUES (339, 56, 'CELL CLEANING BRUSH FOR OMD-11', '0440126002', 12.38, 12);
INSERT INTO spare_parts (id, category_id, name, part_number, list_price, sort_order) VALUES (340, 56, 'MEASURING CELL OMD2005', '0440113024', 3080.4, 13);
INSERT INTO spare_parts (id, category_id, name, part_number, list_price, sort_order) VALUES (341, 57, 'STATOR', '0410119002', 196.86, 1);
INSERT INTO spare_parts (id, category_id, name, part_number, list_price, sort_order) VALUES (342, 57, 'U-GASKET FOR COALESCER CHAMBER', '0650304016', 28.14, 2);
INSERT INTO spare_parts (id, category_id, name, part_number, list_price, sort_order) VALUES (343, 57, 'COALESCER SET', '0530203003', 282.72, 3);
INSERT INTO spare_parts (id, category_id, name, part_number, list_price, sort_order) VALUES (344, 57, 'COVER SEALING', '0480304005', 53.53, 4);
INSERT INTO spare_parts (id, category_id, name, part_number, list_price, sort_order) VALUES (345, 57, 'STUFFING BOX PACKING SET', '0410116002', 33.81, 5);
INSERT INTO spare_parts (id, category_id, name, part_number, list_price, sort_order) VALUES (346, 57, 'DESSICATOR CARTRIDGE', '0440120001', 98.52, 6);
INSERT INTO spare_parts (id, category_id, name, part_number, list_price, sort_order) VALUES (347, 57, 'SENSOR ELECTRODE', '0460119001', 264.95, 7);
INSERT INTO spare_parts (id, category_id, name, part_number, list_price, sort_order) VALUES (348, 57, '2/2 WAY PISTON VALVE 3/4', '0420211001', 221.05, 8);
INSERT INTO spare_parts (id, category_id, name, part_number, list_price, sort_order) VALUES (349, 57, '3/2 WAY PISTON VALVE 3/4', '0420211102', 383.18, 9);
INSERT INTO spare_parts (id, category_id, name, part_number, list_price, sort_order) VALUES (350, 57, '3/2 WAY SOLENOID VALVE', '0410313104', 101.5, 10);
INSERT INTO spare_parts (id, category_id, name, part_number, list_price, sort_order) VALUES (351, 57, 'TANK INSTALLATION VALVE', '0420220000', 398.06, 11);
INSERT INTO spare_parts (id, category_id, name, part_number, list_price, sort_order) VALUES (352, 57, 'CELL CLEANING BRUSH FOR OMD-11', '0440126002', 12.38, 12);
INSERT INTO spare_parts (id, category_id, name, part_number, list_price, sort_order) VALUES (353, 57, 'MEASURING CELL OMD2005', '0440113024', 3080.4, 13);

-- Pricing Settings
INSERT INTO pricing_settings (setting_key, value, label, category) VALUES ('junior_rate', 128, 'Junior Hourly Rate', 'labour');
INSERT INTO pricing_settings (setting_key, value, label, category) VALUES ('senior_rate', 152, 'Senior Hourly Rate', 'labour');
INSERT INTO pricing_settings (setting_key, value, label, category) VALUES ('junior_cost', 24, 'Junior Hourly Cost', 'labour');
INSERT INTO pricing_settings (setting_key, value, label, category) VALUES ('senior_cost', 35, 'Senior Hourly Cost', 'labour');
INSERT INTO pricing_settings (setting_key, value, label, category) VALUES ('travel_hour_rate', 102.5, 'Travel Hours Sale Price', 'travel');
INSERT INTO pricing_settings (setting_key, value, label, category) VALUES ('travel_hour_cost', 30, 'Travel Hours Internal Cost', 'travel');
INSERT INTO pricing_settings (setting_key, value, label, category) VALUES ('cost_per_km', 0.75, 'Cost Per KM (sale)', 'travel');
INSERT INTO pricing_settings (setting_key, value, label, category) VALUES ('fuel_cost_per_liter', 1.7, 'Fuel Cost Per Liter', 'travel');
INSERT INTO pricing_settings (setting_key, value, label, category) VALUES ('km_per_liter', 12, 'KM Per Liter', 'travel');
INSERT INTO pricing_settings (setting_key, value, label, category) VALUES ('highway_surcharge', 0.1, 'Highway Surcharge %', 'travel');
INSERT INTO pricing_settings (setting_key, value, label, category) VALUES ('daily_allowance_italy', 265, 'Daily Allowance Italy', 'travel');
INSERT INTO pricing_settings (setting_key, value, label, category) VALUES ('daily_allowance_half_italy', 50, 'Half Daily Allowance Italy', 'travel');
INSERT INTO pricing_settings (setting_key, value, label, category) VALUES ('daily_allowance_abroad', 395, 'Daily Allowance Abroad', 'travel');
INSERT INTO pricing_settings (setting_key, value, label, category) VALUES ('daily_allowance_half_abroad', 70, 'Half Daily Allowance Abroad', 'travel');
INSERT INTO pricing_settings (setting_key, value, label, category) VALUES ('allowance_cost', 180, 'Daily Allowance Internal Cost', 'travel');
INSERT INTO pricing_settings (setting_key, value, label, category) VALUES ('half_allowance_cost', 40, 'Half Allowance Internal Cost', 'travel');
INSERT INTO pricing_settings (setting_key, value, label, category) VALUES ('shipyard_surcharge_hamann', 0.05, 'Shipyard Surcharge HAMANN', 'surcharge');
INSERT INTO pricing_settings (setting_key, value, label, category) VALUES ('shipyard_surcharge_dvz', 0.15, 'Shipyard Surcharge DVZ', 'surcharge');
INSERT INTO pricing_settings (setting_key, value, label, category) VALUES ('shipowner_surcharge_hamann', 0.2, 'Ship Owner Surcharge HAMANN', 'surcharge');
INSERT INTO pricing_settings (setting_key, value, label, category) VALUES ('shipowner_surcharge_dvz', 0.35, 'Ship Owner Surcharge DVZ', 'surcharge');
INSERT INTO pricing_settings (setting_key, value, label, category) VALUES ('mediterranean_labour_increase', 0.1, 'Mediterranean Labour Increase', 'surcharge');
INSERT INTO pricing_settings (setting_key, value, label, category) VALUES ('overseas_labour_increase', 0.15, 'Overseas Labour Increase', 'surcharge');
INSERT INTO pricing_settings (setting_key, value, label, category) VALUES ('shipyard_discount_hamann', 0.05, 'Shipyard Discount on Labour (HAMANN)', 'surcharge');
INSERT INTO pricing_settings (setting_key, value, label, category) VALUES ('various_services_increase', 1.1, 'Various Services Increase', 'material');
INSERT INTO pricing_settings (setting_key, value, label, category) VALUES ('material_increase', 1.25, 'Material Increase', 'material');
INSERT INTO pricing_settings (setting_key, value, label, category) VALUES ('consumable_increase', 1.25, 'Consumable Increase', 'material');
INSERT INTO pricing_settings (setting_key, value, label, category) VALUES ('disposal_increase', 1.25, 'Disposal Increase', 'material');